{"tf_results": {"1w": {"gaps": [4, 6, 3, 4, 3, 4, 2, 3, 5, 3, 3, 5, 2, 4, 3, 2, 2, 3, 6, 4, 4, 3, 4, 3, 7, 3, 2, 3, 2, 6, 3, 3, 3, 8, 2, 2, 2, 4, 6, 4, 5, 4, 2, 10, 5, 3, 2, 4, 8, 2, 7, 3, 4, 4, 5, 3, 2, 7, 3, 3, 4], "period_bars": 3.8524590163934427, "period_days": 26.967213114754102, "cv": 0.45286673010684303, "n_crossings": 62, "bar_secs": 604800, "label": "Weekly"}, "1d": {"gaps": [7, 6, 3, 4, 5, 2, 2, 2, 4, 3, 2, 2, 6, 4, 2, 3, 5, 5, 7, 2, 7, 3, 5, 3, 4, 2, 4, 2, 10, 8, 2, 3, 6, 3, 2, 2, 2, 3, 2, 3, 2, 2, 5, 4, 4, 3, 10, 4, 3, 3, 3, 6, 5, 7, 2, 2, 5, 3, 5, 2, 3, 7, 3, 3, 2, 4, 4, 4, 3, 4, 2, 2, 3, 2, 3, 2, 7, 3, 4, 5, 3, 2, 3, 2, 4, 7, 6, 7, 2, 3, 5, 4, 5, 3, 3, 5, 3, 5, 5, 8, 3, 4, 2, 4, 4, 2, 4, 2, 2, 2, 6, 3, 6, 2, 2, 4, 2, 2, 3, 7, 4, 6, 5, 8, 5, 2, 2, 6, 3, 5, 3, 6, 5, 4, 5, 3, 5, 2, 4, 2, 10, 10, 5, 7, 4, 2, 5, 3, 3, 6, 3, 2, 2, 5, 11, 3, 2, 5, 4, 4, 2, 4, 2, 5, 5, 5, 4, 4, 6, 6, 3, 7, 8], "period_bars": 4.017341040462428, "period_days": 4.017341040462428, "cv": 0.4850692415958611, "n_crossings": 174, "bar_secs": 86400, "label": "Daily"}, "1h": {"gaps": [2, 6, 2, 4, 4, 4, 2, 7, 3, 2, 4, 4, 4, 6, 2, 7, 3, 3, 2, 4, 4, 5, 4, 3, 6, 6, 6, 3, 5, 4, 4, 5, 3, 7, 2, 3, 4, 4, 2, 2, 5, 4, 2, 3, 2, 3, 4, 5, 4, 4, 2, 2, 4, 2, 6, 2, 6, 5, 5, 7, 5, 4, 6, 5, 4, 8, 6, 4, 2, 4, 4, 4, 2, 3, 2, 4, 5, 2, 3, 3, 3, 4, 6, 4, 5, 4, 5, 7, 3, 2, 5, 4, 3, 4, 5, 7, 4, 3, 7, 3, 4, 9, 2, 7, 2, 2, 5, 2, 3, 4, 2, 6, 8, 3, 3, 4, 5, 3, 6, 3, 4, 5, 3, 2, 3, 2, 2, 2, 3, 5, 4, 2, 3, 7, 2, 2, 5, 4, 2, 3, 2, 2, 3, 5, 5, 2, 4, 3, 4, 2, 3, 2, 5, 5, 3, 6, 2, 7, 4, 2, 3, 3, 3, 5, 8], "period_bars": 3.896969696969697, "period_days": 0.1623737373737374, "cv": 0.4148535304120872, "n_crossings": 166, "bar_secs": 3600, "label": "Hourly"}, "15m": {"gaps": [5, 3, 5, 4, 3, 6, 2, 5, 3, 7, 3, 3, 3, 3, 4, 4, 2, 3, 2, 4, 3, 6, 3, 7, 3, 6, 4, 2, 5, 9, 2, 7, 2, 2, 5, 6, 5, 2, 4, 2, 2, 3, 3, 2, 4, 3, 2, 3, 3, 3, 6, 2, 2, 3, 3, 3, 3, 7, 5, 3, 3, 3, 2, 6, 2, 2, 8, 2, 3, 5, 3, 4, 2, 2, 7, 8, 3, 2, 5, 5, 5, 8, 2, 2, 5, 3, 3, 2, 3, 3, 2, 5, 6, 3, 6, 5, 2, 6, 5, 4, 3, 2, 7, 2, 3, 2, 2, 3, 4, 2, 4, 4, 2, 4, 3], "period_bars": 3.7217391304347824, "period_days": 0.03876811594202898, "cv": 0.45728781913878946, "n_crossings": 116, "bar_secs": 900, "label": "15-min"}}, "chain_roles": {"BTC": {"crossings": 62, "mean_gap": 3.8524590163934427, "cv": 0.45286673010684303, "role": "LEAD / IMPROV (fast, chaotic)"}, "SOL": {"crossings": 56, "mean_gap": 4.3090909090909095, "cv": 0.49451764806695714, "role": "LEAD / IMPROV (fast, chaotic)"}, "XRP": {"crossings": 45, "mean_gap": 4.340909090909091, "cv": 0.5311233829491536, "role": "LEAD / IMPROV (fast, chaotic)"}, "AVAX": {"crossings": 41, "mean_gap": 4.0, "cv": 0.49371044145328746, "role": "LEAD / IMPROV (fast, chaotic)"}, "DOGE": {"crossings": 49, "mean_gap": 3.9791666666666665, "cv": 0.603685581987981, "role": "LEAD / IMPROV (fast, chaotic)"}, "LTC": {"crossings": 55, "mean_gap": 3.537037037037037, "cv": 0.4061221143119776, "role": "RHYTHM GUITAR / BASS (moderate)"}}, "btc_tf_crossings": {"1w": [3, 7, 13, 16, 20, 23, 27, 29, 32, 37, 40, 43, 48, 50, 54, 57, 59, 61, 64, 70, 74, 78, 81, 85, 88, 95, 98, 100, 103, 105, 111, 114, 117, 120, 128, 130, 132, 134, 138, 144, 148, 153, 157, 159, 169, 174, 177, 179, 183, 191, 193, 200, 203, 207, 211, 216, 219, 221, 228, 231, 234, 238], "1d": [1, 8, 14, 17, 21, 26, 28, 30, 32, 36, 39, 41, 43, 49, 53, 55, 58, 63, 68, 75, 77, 84, 87, 92, 95, 99, 101, 105, 107, 117, 125, 127, 130, 136, 139, 141, 143, 145, 148, 150, 153, 155, 157, 162, 166, 170, 173, 183, 187, 190, 193, 196, 202, 207, 214, 216, 218, 223, 226, 231, 233, 236, 243, 246, 249, 251, 255, 259, 263, 266, 270, 272, 274, 277, 279, 282, 284, 291, 294, 298, 303, 306, 308, 311, 313, 317, 324, 330, 337, 339, 342, 347, 351, 356, 359, 362, 367, 370, 375, 380, 388, 391, 395, 397, 401, 405, 407, 411, 413, 415, 417, 423, 426, 432, 434, 436, 440, 442, 444, 447, 454, 458, 464, 469, 477, 482, 484, 486, 492, 495, 500, 503, 509, 514, 518, 523, 526, 531, 533, 537, 539, 549, 559, 564, 571, 575, 577, 582, 585, 588, 594, 597, 599, 601, 606, 617, 620, 622, 627, 631, 635, 637, 641, 643, 648, 653, 658, 662, 666, 672, 678, 681, 688, 696], "1h": [4, 6, 12, 14, 18, 22, 26, 28, 35, 38, 40, 44, 48, 52, 58, 60, 67, 70, 73, 75, 79, 83, 88, 92, 95, 101, 107, 113, 116, 121, 125, 129, 134, 137, 144, 146, 149, 153, 157, 159, 161, 166, 170, 172, 175, 177, 180, 184, 189, 193, 197, 199, 201, 205, 207, 213, 215, 221, 226, 231, 238, 243, 247, 253, 258, 262, 270, 276, 280, 282, 286, 290, 294, 296, 299, 301, 305, 310, 312, 315, 318, 321, 325, 331, 335, 340, 344, 349, 356, 359, 361, 366, 370, 373, 377, 382, 389, 393, 396, 403, 406, 410, 419, 421, 428, 430, 432, 437, 439, 442, 446, 448, 454, 462, 465, 468, 472, 477, 480, 486, 489, 493, 498, 501, 503, 506, 508, 510, 512, 515, 520, 524, 526, 529, 536, 538, 540, 545, 549, 551, 554, 556, 558, 561, 566, 571, 573, 577, 580, 584, 586, 589, 591, 596, 601, 604, 610, 612, 619, 623, 625, 628, 631, 634, 639, 647], "15m": [3, 8, 11, 16, 20, 23, 29, 31, 36, 39, 46, 49, 52, 55, 58, 62, 66, 68, 71, 73, 77, 80, 86, 89, 96, 99, 105, 109, 111, 116, 125, 127, 134, 136, 138, 143, 149, 154, 156, 160, 162, 164, 167, 170, 172, 176, 179, 181, 184, 187, 190, 196, 198, 200, 203, 206, 209, 212, 219, 224, 227, 230, 233, 235, 241, 243, 245, 253, 255, 258, 263, 266, 270, 272, 274, 281, 289, 292, 294, 299, 304, 309, 317, 319, 321, 326, 329, 332, 334, 337, 340, 342, 347, 353, 356, 362, 367, 369, 375, 380, 384, 387, 389, 396, 398, 401, 403, 405, 408, 412, 414, 418, 422, 424, 428, 431]}}